"id_pedido","articulo","cantidad","proveedor","precio_unitario","fecha_oferta","ganadora","cantidad_final","precio_acordado"
"58","Carpeta oficio","5","Papelería del Valle","19.00","2026-09-30","false","",""
"58","Carpeta oficio","5","Suministros Verapaz","22.00","2026-10-01","false","",""
"58","Carpeta oficio","5","Suministros del Lago","31.00","2026-09-29","false","",""
"59","Archivador palanca","10","Papelería del Valle","21.00","2026-09-30","false","",""
"59","Archivador palanca","10","Suministros Verapaz","24.00","2026-10-01","false","",""
"59","Archivador palanca","10","Suministros del Lago","33.00","2026-09-29","false","",""
"60","Grapadora","15","Papelería del Valle","23.00","2026-09-30","false","",""
"60","Grapadora","15","Suministros Verapaz","26.00","2026-10-01","false","",""
"60","Grapadora","15","Suministros del Lago","35.00","2026-09-29","false","",""
