"codigo_articulo","articulo","proveedor","fecha_oferta","precio_unitario","id_orden"
"ART-041","Alcohol desinfectante","Distribuidora El Roble","2026-09-30","187.00","14"
"ART-041","Alcohol desinfectante","Equipo Profesional","2026-10-01","175.00","14"
"ART-041","Alcohol desinfectante","Papeles y Más","2026-09-29","184.00","14"
"ART-038","Archivador metálico","Distribuidora El Roble","2026-10-01","97.00","13"
"ART-038","Archivador metálico","Limpieza Integral","2026-09-29","91.00","13"
"ART-038","Archivador metálico","Papeles y Más","2026-09-30","94.00","13"
"ART-009","Archivador palanca","Equipos del Norte","2026-08-23","30.00","3"
"ART-009","Archivador palanca","Ofimática Central","2026-08-24","33.00","3"
"ART-009","Archivador palanca","Papelería del Valle","2026-09-30","21.00","20"
"ART-009","Archivador palanca","Suministros del Lago","2026-09-29","33.00","20"
"ART-009","Archivador palanca","Suministros Verapaz","2026-10-01","24.00","20"
"ART-009","Archivador palanca","Tecnología Maya","2026-08-22","27.00","3"
"ART-003","Bolígrafo azul","Abastecimientos Motagua","2026-09-29","15.00","18"
"ART-003","Bolígrafo azul","Innovación Regional","2026-09-30","18.00","18"
"ART-003","Bolígrafo azul","Papelería del Valle","2026-08-22","9.00","1"
"ART-003","Bolígrafo azul","Suministros del Lago","2026-10-01","21.00","18"
"ART-003","Bolígrafo azul","Suministros Verapaz","2026-08-23","12.00","1"
"ART-003","Bolígrafo azul","Tecnología Maya","2026-08-24","15.00","1"
"ART-004","Bolígrafo negro","Abastecimientos Motagua","2026-09-29","17.00","18"
"ART-004","Bolígrafo negro","Equipos del Norte","2026-08-24","20.00","2"
"ART-004","Bolígrafo negro","Innovación Regional","2026-09-30","20.00","18"
"ART-004","Bolígrafo negro","Suministros del Lago","2026-10-01","23.00","18"
"ART-004","Bolígrafo negro","Suministros Verapaz","2026-08-22","14.00","2"
"ART-004","Bolígrafo negro","Tecnología Maya","2026-08-23","17.00","2"
"ART-047","Bolsa basura","Abastecimientos Motagua","2026-10-01","361.00","16"
"ART-047","Bolsa basura","Comercial La Ceiba","2026-09-30","358.00","16"
"ART-047","Bolsa basura","Equipo Profesional","2026-09-29","355.00","16"
"ART-033","Cable red Cat6","Limpieza Integral","2026-10-01","2356.00","11"
"ART-033","Cable red Cat6","Redes y Sistemas","2026-09-30","2353.00","11"
"ART-033","Cable red Cat6","Soluciones Digitales GT","2026-09-29","2350.00","11"
"ART-011","Caja grapas","Distribuidora Quetzal","2026-08-24","25.00","4"
"ART-011","Caja grapas","Equipos del Norte","2026-08-22","34.00","4"
"ART-011","Caja grapas","Ofimática Central","2026-08-23","37.00","4"
"ART-008","Carpeta oficio","Equipos del Norte","2026-08-23","28.00","3"
"ART-008","Carpeta oficio","Ofimática Central","2026-08-24","31.00","3"
"ART-008","Carpeta oficio","Papelería del Valle","2026-09-30","19.00","20"
"ART-008","Carpeta oficio","Suministros del Lago","2026-09-29","31.00","20"
"ART-008","Carpeta oficio","Suministros Verapaz","2026-10-01","22.00","20"
"ART-008","Carpeta oficio","Tecnología Maya","2026-08-22","25.00","3"
"ART-014","Cinta adhesiva","Distribuidora Quetzal","2026-08-23","31.00","5"
"ART-014","Cinta adhesiva","Muebles Los Pinos","2026-08-24","34.00","5"
"ART-014","Cinta adhesiva","Ofimática Central","2026-08-22","43.00","5"
"ART-021","Computadora escritorio","Comercial Tikal","2026-08-24","259.00","7"
"ART-021","Computadora escritorio","Muebles Los Pinos","2026-08-22","253.00","7"
"ART-021","Computadora escritorio","Servicios del Altiplano","2026-08-23","256.00","7"
"ART-020","Corrector líquido","Comercial Tikal","2026-08-24","52.00","7"
"ART-020","Corrector líquido","Muebles Los Pinos","2026-08-22","46.00","7"
"ART-020","Corrector líquido","Servicios del Altiplano","2026-08-23","49.00","7"
"ART-016","Cuaderno universitario","Distribuidora Quetzal","2026-08-22","35.00","6"
"ART-016","Cuaderno universitario","Muebles Los Pinos","2026-08-23","38.00","6"
"ART-016","Cuaderno universitario","Servicios del Altiplano","2026-08-24","41.00","6"
"ART-048","Detergente","Abastecimientos Motagua","2026-10-01","391.00","16"
"ART-048","Detergente","Comercial La Ceiba","2026-09-30","388.00","16"
"ART-048","Detergente","Equipo Profesional","2026-09-29","385.00","16"
"ART-028","Disco SSD 512 GB","Insumos del Sur","2026-08-22","1487.00","10"
"ART-028","Disco SSD 512 GB","Redes y Sistemas","2026-08-24","1478.00","10"
"ART-028","Disco SSD 512 GB","Soluciones Digitales GT","2026-08-23","1475.00","10"
"ART-045","Escoba","Comercial La Ceiba","2026-10-01","298.00","15"
"ART-045","Escoba","Distribuidora El Roble","2026-09-29","307.00","15"
"ART-045","Escoba","Equipo Profesional","2026-09-30","295.00","15"
"ART-037","Escritorio ejecutivo","Distribuidora El Roble","2026-10-01","67.00","13"
"ART-037","Escritorio ejecutivo","Limpieza Integral","2026-09-29","61.00","13"
"ART-037","Escritorio ejecutivo","Papeles y Más","2026-09-30","64.00","13"
"ART-040","Estantería metálica","Distribuidora El Roble","2026-09-30","157.00","14"
"ART-040","Estantería metálica","Equipo Profesional","2026-10-01","145.00","14"
"ART-040","Estantería metálica","Papeles y Más","2026-09-29","154.00","14"
"ART-050","Extintor ABC","Abastecimientos Motagua","2026-09-30","451.00","17"
"ART-050","Extintor ABC","Comercial La Ceiba","2026-09-29","448.00","17"
"ART-050","Extintor ABC","Innovación Regional","2026-10-01","454.00","17"
"ART-010","Grapadora","Distribuidora Quetzal","2026-08-24","23.00","4"
"ART-010","Grapadora","Equipos del Norte","2026-08-22","32.00","4"
"ART-010","Grapadora","Ofimática Central","2026-08-23","35.00","4"
"ART-010","Grapadora","Papelería del Valle","2026-09-30","23.00","20"
"ART-010","Grapadora","Suministros del Lago","2026-09-29","35.00","20"
"ART-010","Grapadora","Suministros Verapaz","2026-10-01","26.00","20"
"ART-049","Guantes limpieza","Abastecimientos Motagua","2026-09-30","421.00","17"
"ART-049","Guantes limpieza","Comercial La Ceiba","2026-09-29","418.00","17"
"ART-049","Guantes limpieza","Innovación Regional","2026-10-01","424.00","17"
"ART-026","Impresora láser","Comercial Tikal","2026-08-22","1134.00","9"
"ART-026","Impresora láser","Insumos del Sur","2026-08-23","1137.00","9"
"ART-026","Impresora láser","Soluciones Digitales GT","2026-08-24","1125.00","9"
"ART-042","Jabón líquido","Distribuidora El Roble","2026-09-30","217.00","14"
"ART-042","Jabón líquido","Equipo Profesional","2026-10-01","205.00","14"
"ART-042","Jabón líquido","Papeles y Más","2026-09-29","214.00","14"
"ART-005","Lápiz grafito","Equipos del Norte","2026-08-24","22.00","2"
"ART-005","Lápiz grafito","Innovación Regional","2026-09-29","22.00","19"
"ART-005","Lápiz grafito","Papelería del Valle","2026-10-01","13.00","19"
"ART-005","Lápiz grafito","Suministros del Lago","2026-09-30","25.00","19"
"ART-005","Lápiz grafito","Suministros Verapaz","2026-08-22","16.00","2"
"ART-005","Lápiz grafito","Tecnología Maya","2026-08-23","19.00","2"
"ART-022","Laptop administrativa","Comercial Tikal","2026-08-23","434.00","8"
"ART-022","Laptop administrativa","Insumos del Sur","2026-08-24","437.00","8"
"ART-022","Laptop administrativa","Servicios del Altiplano","2026-08-22","431.00","8"
"ART-006","Marcador permanente","Equipos del Norte","2026-08-24","24.00","2"
"ART-006","Marcador permanente","Innovación Regional","2026-09-29","24.00","19"
"ART-006","Marcador permanente","Papelería del Valle","2026-10-01","15.00","19"
"ART-006","Marcador permanente","Suministros del Lago","2026-09-30","27.00","19"
"ART-006","Marcador permanente","Suministros Verapaz","2026-08-22","18.00","2"
"ART-006","Marcador permanente","Tecnología Maya","2026-08-23","21.00","2"
"ART-007","Marcador pizarra","Equipos del Norte","2026-08-23","26.00","3"
"ART-007","Marcador pizarra","Innovación Regional","2026-09-29","26.00","19"
"ART-007","Marcador pizarra","Ofimática Central","2026-08-24","29.00","3"
"ART-007","Marcador pizarra","Papelería del Valle","2026-10-01","17.00","19"
"ART-007","Marcador pizarra","Suministros del Lago","2026-09-30","29.00","19"
"ART-007","Marcador pizarra","Tecnología Maya","2026-08-22","23.00","3"
"ART-029","Memoria USB 64 GB","Insumos del Sur","2026-08-22","1662.00","10"
"ART-029","Memoria USB 64 GB","Redes y Sistemas","2026-08-24","1653.00","10"
"ART-029","Memoria USB 64 GB","Soluciones Digitales GT","2026-08-23","1650.00","10"
"ART-039","Mesa reuniones","Distribuidora El Roble","2026-10-01","127.00","13"
"ART-039","Mesa reuniones","Limpieza Integral","2026-09-29","121.00","13"
"ART-039","Mesa reuniones","Papeles y Más","2026-09-30","124.00","13"
"ART-023","Monitor 24 pulgadas","Comercial Tikal","2026-08-23","609.00","8"
"ART-023","Monitor 24 pulgadas","Insumos del Sur","2026-08-24","612.00","8"
"ART-023","Monitor 24 pulgadas","Servicios del Altiplano","2026-08-22","606.00","8"
"ART-025","Mouse óptico","Comercial Tikal","2026-08-22","959.00","9"
"ART-025","Mouse óptico","Insumos del Sur","2026-08-23","962.00","9"
"ART-025","Mouse óptico","Soluciones Digitales GT","2026-08-24","950.00","9"
"ART-018","Notas adhesivas","Distribuidora Quetzal","2026-08-22","39.00","6"
"ART-018","Notas adhesivas","Muebles Los Pinos","2026-08-23","42.00","6"
"ART-018","Notas adhesivas","Servicios del Altiplano","2026-08-24","45.00","6"
"ART-043","Papel higiénico","Comercial La Ceiba","2026-10-01","238.00","15"
"ART-043","Papel higiénico","Distribuidora El Roble","2026-09-29","247.00","15"
"ART-043","Papel higiénico","Equipo Profesional","2026-09-30","235.00","15"
"ART-015","Pegamento barra","Distribuidora Quetzal","2026-08-23","33.00","5"
"ART-015","Pegamento barra","Muebles Los Pinos","2026-08-24","36.00","5"
"ART-015","Pegamento barra","Ofimática Central","2026-08-22","45.00","5"
"ART-012","Perforadora","Distribuidora Quetzal","2026-08-24","27.00","4"
"ART-012","Perforadora","Equipos del Norte","2026-08-22","36.00","4"
"ART-012","Perforadora","Ofimática Central","2026-08-23","39.00","4"
"ART-035","Proyector multimedia","Limpieza Integral","2026-09-30","2706.00","12"
"ART-035","Proyector multimedia","Papeles y Más","2026-10-01","2709.00","12"
"ART-035","Proyector multimedia","Redes y Sistemas","2026-09-29","2703.00","12"
"ART-019","Regla 30 cm","Comercial Tikal","2026-08-24","50.00","7"
"ART-019","Regla 30 cm","Muebles Los Pinos","2026-08-22","44.00","7"
"ART-019","Regla 30 cm","Servicios del Altiplano","2026-08-23","47.00","7"
"ART-001","Resma papel carta","Abastecimientos Motagua","2026-09-30","11.00","17"
"ART-001","Resma papel carta","Comercial La Ceiba","2026-09-29","8.00","17"
"ART-001","Resma papel carta","Innovación Regional","2026-10-01","14.00","17"
"ART-001","Resma papel carta","Papelería del Valle","2026-08-22","5.00","1"
"ART-001","Resma papel carta","Suministros Verapaz","2026-08-23","8.00","1"
"ART-001","Resma papel carta","Tecnología Maya","2026-08-24","11.00","1"
"ART-002","Resma papel oficio","Abastecimientos Motagua","2026-09-29","13.00","18"
"ART-002","Resma papel oficio","Innovación Regional","2026-09-30","16.00","18"
"ART-002","Resma papel oficio","Papelería del Valle","2026-08-22","7.00","1"
"ART-002","Resma papel oficio","Suministros del Lago","2026-10-01","19.00","18"
"ART-002","Resma papel oficio","Suministros Verapaz","2026-08-23","10.00","1"
"ART-002","Resma papel oficio","Tecnología Maya","2026-08-24","13.00","1"
"ART-031","Router inalámbrico","Limpieza Integral","2026-10-01","2006.00","11"
"ART-031","Router inalámbrico","Redes y Sistemas","2026-09-30","2003.00","11"
"ART-031","Router inalámbrico","Soluciones Digitales GT","2026-09-29","2000.00","11"
"ART-036","Silla ergonómica","Limpieza Integral","2026-09-30","31.00","12"
"ART-036","Silla ergonómica","Papeles y Más","2026-10-01","34.00","12"
"ART-036","Silla ergonómica","Redes y Sistemas","2026-09-29","28.00","12"
"ART-017","Sobre manila","Distribuidora Quetzal","2026-08-22","37.00","6"
"ART-017","Sobre manila","Muebles Los Pinos","2026-08-23","40.00","6"
"ART-017","Sobre manila","Servicios del Altiplano","2026-08-24","43.00","6"
"ART-032","Switch 24 puertos","Limpieza Integral","2026-10-01","2181.00","11"
"ART-032","Switch 24 puertos","Redes y Sistemas","2026-09-30","2178.00","11"
"ART-032","Switch 24 puertos","Soluciones Digitales GT","2026-09-29","2175.00","11"
"ART-024","Teclado USB","Comercial Tikal","2026-08-23","784.00","8"
"ART-024","Teclado USB","Insumos del Sur","2026-08-24","787.00","8"
"ART-024","Teclado USB","Servicios del Altiplano","2026-08-22","781.00","8"
"ART-013","Tijera oficina","Distribuidora Quetzal","2026-08-23","29.00","5"
"ART-013","Tijera oficina","Muebles Los Pinos","2026-08-24","32.00","5"
"ART-013","Tijera oficina","Ofimática Central","2026-08-22","41.00","5"
"ART-044","Toalla de papel","Comercial La Ceiba","2026-10-01","268.00","15"
"ART-044","Toalla de papel","Distribuidora El Roble","2026-09-29","277.00","15"
"ART-044","Toalla de papel","Equipo Profesional","2026-09-30","265.00","15"
"ART-027","Tóner negro","Comercial Tikal","2026-08-22","1309.00","9"
"ART-027","Tóner negro","Insumos del Sur","2026-08-23","1312.00","9"
"ART-027","Tóner negro","Soluciones Digitales GT","2026-08-24","1300.00","9"
"ART-046","Trapeador","Abastecimientos Motagua","2026-10-01","331.00","16"
"ART-046","Trapeador","Comercial La Ceiba","2026-09-30","328.00","16"
"ART-046","Trapeador","Equipo Profesional","2026-09-29","325.00","16"
"ART-030","UPS 1000 VA","Insumos del Sur","2026-08-22","1837.00","10"
"ART-030","UPS 1000 VA","Redes y Sistemas","2026-08-24","1828.00","10"
"ART-030","UPS 1000 VA","Soluciones Digitales GT","2026-08-23","1825.00","10"
"ART-034","Webcam HD","Limpieza Integral","2026-09-30","2531.00","12"
"ART-034","Webcam HD","Papeles y Más","2026-10-01","2534.00","12"
"ART-034","Webcam HD","Redes y Sistemas","2026-09-29","2528.00","12"
